;precision;recall;f1-score;support
0;0.9502664298401421;0.924006908462867;0.9369527145359019;579.0
1;0.8466898954703833;0.8966789667896679;0.8709677419354839;271.0
accuracy;0.9152941176470588;0.9152941176470588;0.9152941176470588;0.9152941176470588
macro avg;0.8984781626552627;0.9103429376262675;0.9039602282356929;850.0
weighted avg;0.9172437935881366;0.9152941176470588;0.915915152683298;850.0
