;precision;recall;f1-score;support
0;0.9507042253521126;0.9183673469387755;0.9342560553633218;588.0
1;0.8297872340425532;0.8931297709923665;0.8602941176470588;262.0
accuracy;0.9105882352941177;0.9105882352941177;0.9105882352941177;0.9105882352941177
macro avg;0.890245729697333;0.9057485589655709;0.8972750865051903;850.0
weighted avg;0.9134333409719895;0.9105882352941177;0.9114583757378384;850.0
